{
  "accuracy": 0.6102250218391418,
  "loss": 1.0959858894348145,
  "val_accuracy": 0.6629999876022339,
  "val_loss": 0.9907480478286743,
  "epoch": 7,
  "global_step": 10000
}