{
  "accuracy": 0.5123199820518494,
  "loss": 1.363084316253662,
  "val_accuracy": 0.5088000297546387,
  "val_loss": 1.4092694520950317,
  "learning_rate": 0.0010000000474974513,
  "epoch": 2,
  "global_step": 4689
}