{
  "accuracy": 0.571524977684021,
  "loss": 1.2177672386169434,
  "val_accuracy": 0.5547999739646912,
  "val_loss": 1.2787367105484009,
  "epoch": 5,
  "global_step": 7500
}