{
  "accuracy": 0.9809166789054871,
  "loss": 0.060644056648015976,
  "val_accuracy": 0.9916999936103821,
  "val_loss": 0.027161451056599617,
  "epoch": 4,
  "global_step": 4690
}