{
  "accuracy": 0.5589749813079834,
  "loss": 1.2321661710739136,
  "val_accuracy": 0.6384000182151794,
  "val_loss": 1.0432839393615723,
  "epoch": 4,
  "global_step": 6250
}